﻿<?xml version="1.0" encoding="utf-8" ?>
<MnožstvíLokací RootImagePath="/Obrázky/Lokace/">
	<Lokace X="-2" Y="-1" Jméno="Mohutný Dub" JménoObrázku="Starý Strom.png">
		<Popis><![CDATA[Mohutný Dub a okolo něj skupinka Golemů.]]></Popis>
		<Monstra>
			<Monstrum ID="2" Procenta="100"/>
		</Monstra>
	</Lokace>
	<Lokace X="-1" Y="-1" Jméno="Chatrč Druida Michaloviče" JménoObrázku="Druidova Chatrč.png">
		<Popis><![CDATA[Alkoholický Michalovič, táhne z něj chlast... Ale dělá výborné rumové pralinky.]]></Popis>
		<Obchodník ID="2"/>
		<Úkoly>
			<Úkol ID="7"/>
			<Úkol ID="3"/>
		</Úkoly>
	</Lokace>
	<Lokace X="-3" Y="-1" Jméno="Vlčí sluj" JménoObrázku="Sluj.png">
		<Popis><![CDATA[Doupě vlků ve kterém čeká hodně ostrých zubů.]]></Popis>
		<Monstra>
			<Monstrum ID="5" Procenta="100"/>
		</Monstra>
	</Lokace>
	<Lokace X="0" Y="0" Jméno="Smrtící Fontána" JménoObrázku="Fontána.png">
		<Popis><![CDATA[Malebná Fontána plná překvapení... a mrtvých krys...]]></Popis>
	</Lokace>
	<Lokace X="1" Y="0" Jméno="Zrádný les" JménoObrázku="Zrádný Les.png">
		<Popis><![CDATA[Pro arachnofobika je toto skvělá příležitost, jak přemoci svůj strach.]]></Popis>
		<Monstra>
			<Monstrum ID="3" Procenta="100"/>
		</Monstra>
	</Lokace>
	<Lokace X="2" Y="0" Jméno="Lovec Begolas" JménoObrázku="Begolas.png">
		<Popis><![CDATA[Elvský lovec Begolas, Má spadeno Na nejmocnější Monstra.]]></Popis>
		<Obchodník ID="6"/>
		<Úkoly>
			<Úkol ID="6"/>
		</Úkoly>
	</Lokace>
	<Lokace X="3" Y="0" Jméno="Hora Al-Khazaman" JménoObrázku="Hora.png">
		<Popis><![CDATA[Král všech golemů. Poraz ho a staň se slavným.]]></Popis>
		<Monstra>
			<Monstrum ID="9" Procenta="100"/>
		</Monstra>
	</Lokace>
	<Lokace X="0" Y="1" Jméno="Babčino Sídlo" JménoObrázku="Chatka Babky.png">
		<Popis><![CDATA[Otrhaná chaloupka plná kouzelných bylinek... alespoň tak se to říká... Bábi popravdě ujíždí na houbách.]]></Popis>
		<Obchodník ID="1"/>
		<Úkoly>
			<Úkol ID="1"/>
		</Úkoly>
	</Lokace>
	<Lokace X="0" Y="2" Jméno="Zahrádka" JménoObrázku="Zahrádka.png">
		<Popis><![CDATA[Zarostlá zahrádka plná hadů, dříve proslulá pro svou hojnost.]]></Popis>
		<Monstra>
			<Monstrum ID="1" Procenta="100"/>
		</Monstra>
	</Lokace>
	<Lokace X="0" Y="3" Jméno="Starý Skleník" JménoObrázku="Skleník.jpg">
		<Popis><![CDATA[Žije zde Král Hadů... není moc nadšený, že tě vidí]]></Popis>
		<Monstra>
			<Monstrum ID="8" Procenta="100"/>
		</Monstra>
	</Lokace>
	<Lokace X="0" Y="-1" Jméno="Tvůj Domov" JménoObrázku="Tvůj Domov.png">
		<Popis><![CDATA[Tvé úžasné obydlí, máš i vlastního Goblina... teda umh... spoiler.]]></Popis>
	</Lokace>
	<Lokace X="0" Y="-2" Jméno="Goblin Hanz" JménoObrázku="Goblin Hanz.png">
		<Popis><![CDATA[Hanz, všestraný smradlavý společník. koupí a prodá cokoliv... Jen mezi námi, Je to Goblin.]]></Popis>
		<Obchodník ID="4"/>
		<Úkoly>
			<Úkol ID="2"/>
		</Úkoly>
	</Lokace>
	<Lokace X="0" Y="-3" Jméno="Smradlavá díra" JménoObrázku="Jeskyně1.png">
		<Popis><![CDATA[Díra která se dokáže smradem rovnat Druidovo dechu... A jako malý bonus je plná Goblinů. Možná to je Hanzova rodina?]]></Popis>
		<Monstra>
			<Monstrum ID="4" Procenta="100"/>
		</Monstra>
	</Lokace>
	<Lokace X="1" Y="-3" Jméno="Sál Velkého Goblina" JménoObrázku="Trůn.jpg">
		<Popis><![CDATA[Trůní sál přerostlého goblina... Má korunu, Takže to je král.]]></Popis>
		<Monstra>
			<Monstrum ID="11" Procenta="100"/>
		</Monstra>
	</Lokace>
	<Lokace X="2" Y="1" Jméno="Vstup do jeskyně" JménoObrázku="Vstup.png">
		<Popis><![CDATA[vstup do jeskyně, co tě tam asi čeká?]]></Popis>
	</Lokace>
	<Lokace X="2" Y="2" Jméno="Pirátská Tvrz" JménoObrázku="PIRÁTSKÁ TVRZ.png">
		<Popis><![CDATA[Spíše než tvrz... Je to loď v jeskyni plná pirátů.]]></Popis>
		<Monstra>
			<Monstrum ID="6" Procenta="100"/>
		</Monstra>
	</Lokace>
	<Lokace X="2" Y="3" Jméno="Pirát Hnědovous" JménoObrázku="Hnědovous.jpg">
		<Popis><![CDATA[Vždy chtěl růžové vousy.]]></Popis>
		<Obchodník ID="5"/>
		<Úkoly>
			<Úkol ID="4"/>
			<Úkol ID="5"/>
		</Úkoly>
	</Lokace>
	<Lokace X="3" Y="3" Jméno="Průrva ven" JménoObrázku="Vstup.png">
		<Popis><![CDATA[Úzká průrva ven z jeskyně.]]></Popis>
	</Lokace>
	<Lokace X="4" Y="3" Jméno="Portál Démonů" JménoObrázku="Portál.jpg">
		<Popis><![CDATA["Ohavní démoni všude kolem, bránící bránu.]]></Popis>
		<Monstra>
			<Monstrum ID="7" Procenta="100"/>
		</Monstra>
	</Lokace>
	<Lokace X="5" Y="3" Jméno="Peklo za portálem" JménoObrázku="peklo.png">
		<Popis><![CDATA[Prošel jsi portálem, před tebou stojí Král Pekla a všech démonů.]]></Popis>
		<Monstra>
			<Monstrum ID="10" Procenta="100"/>
		</Monstra>
	</Lokace>
</MnožstvíLokací>
