﻿<?xml version="1.0" encoding="utf-8" ?>
<Monstra RootImagePath="/Obrázky/Monstra/">
	<Monstrum ID="1" Jméno="Had" MaximálníŽivoty="4" ZbraňID="1501" OdměnaZkušenosti="5" Zlatky="5" JménoObrázku="Had.png">
		<Dropy>
			<Drop ID="9001" Procenta="50"/>
			<Drop ID="9002" Procenta="75"/>
		</Dropy>
	</Monstrum>
	<Monstrum ID="2" Jméno="Golem" MaximálníŽivoty="15" ZbraňID="1502" OdměnaZkušenosti="10" Zlatky="7" JménoObrázku="Golem.png">
		<Dropy>
			<Drop ID="9003" Procenta="50"/>
			<Drop ID="9004" Procenta="75"/>
		</Dropy>
	</Monstrum>
	<Monstrum ID="3" Jméno="Pavouk" MaximálníŽivoty="8" ZbraňID="1503" OdměnaZkušenosti="8" Zlatky="6" JménoObrázku="Pavouk.png">
		<Dropy>
			<Drop ID="9005" Procenta="50"/>
			<Drop ID="9006" Procenta="75"/>
		</Dropy>
	</Monstrum>
	<Monstrum ID="4" Jméno="Goblin" MaximálníŽivoty="10" ZbraňID="1504" OdměnaZkušenosti="6" Zlatky="6" JménoObrázku="Goblin.png">
		<Dropy>
			<Drop ID="9007" Procenta="50"/>
			<Drop ID="9008" Procenta="75"/>
			<Drop ID="1504" Procenta="10"/>
		</Dropy>
	</Monstrum>
	<Monstrum ID="5" Jméno="Vlk" MaximálníŽivoty="8" ZbraňID="1505" OdměnaZkušenosti="5" Zlatky="5" JménoObrázku="Vlk.jpg">
		<Dropy>
			<Drop ID="9009" Procenta="75"/>
			<Drop ID="9010" Procenta="50"/>
			<Drop ID="3005" Procenta="60"/>
		</Dropy>
	</Monstrum>
	<Monstrum ID="6" Jméno="Pirát" MaximálníŽivoty="10" ZbraňID="1506" OdměnaZkušenosti="6" Zlatky="10" JménoObrázku="Pirát.jpg">
		<Dropy>
			<Drop ID="9011" Procenta="75"/>
			<Drop ID="9012" Procenta="75"/>
		</Dropy>
	</Monstrum>
	<Monstrum ID="7" Jméno="Démon" MaximálníŽivoty="18" ZbraňID="1507" OdměnaZkušenosti="15" Zlatky="16" JménoObrázku="démon.png">
		<Dropy>
			<Drop ID="9013" Procenta="35"/>
			<Drop ID="9014" Procenta="35"/>
			<Drop ID="1507" Procenta="10"/>
		</Dropy>
	</Monstrum>
	<Monstrum ID="8" Jméno="Hellef" MaximálníŽivoty="100" ZbraňID="1508" OdměnaZkušenosti="100" Zlatky="100" JménoObrázku="Matka Hadů.jpg">
		<Dropy>
			<Drop ID="9015" Procenta="95"/>
			<Drop ID="9016" Procenta="95"/>
			<Drop ID="1508" Procenta="25"/>
		</Dropy>
	</Monstrum>
	<Monstrum ID="9" Jméno="Al-Khazam" MaximálníŽivoty="200" ZbraňID="1509" OdměnaZkušenosti="200" Zlatky="200" JménoObrázku="golem king.png">
		<Dropy>
			<Drop ID="9017" Procenta="95"/>
			<Drop ID="9018" Procenta="95"/>
			<Drop ID="1509" Procenta="25"/>
		</Dropy>
	</Monstrum>
	<Monstrum ID="10" Jméno="Meownar" MaximálníŽivoty="300" ZbraňID="1510" OdměnaZkušenosti="300" Zlatky="300" JménoObrázku="demon king.png">
		<Dropy>
			<Drop ID="9019" Procenta="95"/>
			<Drop ID="9020" Procenta="95"/>
			<Drop ID="1510" Procenta="25"/>
		</Dropy>
	</Monstrum>
	<Monstrum ID="11" Jméno="Opezl" MaximálníŽivoty="80" ZbraňID="1511" OdměnaZkušenosti="80" Zlatky="80" JménoObrázku="Kgoblin.jpg">
		<Dropy>
			<Drop ID="9021" Procenta="95"/>
			<Drop ID="9022" Procenta="95"/>
			<Drop ID="1511" Procenta="25"/>
		</Dropy>
	</Monstrum>
</Monstra>
