﻿<?xml version="1.0" encoding="utf-8" ?>
<Recepty>
	<Recept ID="1">
		<Jméno><![CDATA[Léčivý Lektvar]]></Jméno>
		<Ingredience>
			<Předmět ID="4001" Množství="1"/>
			<Předmět ID="3001" Množství="1"/>
		</Ingredience>
		<VýslednýPředmět>
			<Předmět ID="8003" Množství="1"/>
		</VýslednýPředmět>
	</Recept>
	<Recept ID="2">
		<Jméno><![CDATA[Sáček Bylinek]]></Jméno>
		<Ingredience>
			<Předmět ID="3002" Množství="1"/>
			<Předmět ID="3003" Množství="1"/>
		</Ingredience>
		<VýslednýPředmět>
			<Předmět ID="4001" Množství="1"/>
		</VýslednýPředmět>
	</Recept>
	<Recept ID="3">
		<Jméno><![CDATA[Cedrová Rukojeť]]></Jméno>
		<Ingredience>
			<Předmět ID="3005" Množství="3"/>
		</Ingredience>
		<VýslednýPředmět>
			<Předmět ID="4002" Množství="1"/>
		</VýslednýPředmět>
	</Recept>
	<Recept ID="4">
		<Jméno><![CDATA[Meč Kamenného Srdce]]></Jméno>
	</Recept>
	<Ingredience>
		<Předmět ID="3004" Množství="2"/>
		<Předmět ID="4002" Množství="1"/>
		<Předmět ID="9004" Množství="1"/>
	</Ingredience>
	<VýslednýPředmět>
		<Předmět ID="1512" Množství="1"/>
	</VýslednýPředmět>
	<Recept ID="5">
		<Jméno><![CDATA[Naostřená Větev]]></Jméno>
		<Ingredience>
			<Předmět ID="3005" Množství="1"/>
		</Ingredience>
		<VýslednýPředmět>
			<Předmět ID="1513" Množství="1"/>
		</VýslednýPředmět>
	</Recept>
</Recepty> 
