﻿<?xml version="1.0" encoding="utf-8" ?>
<Úkoly>
	<Úkol ID="1" OdměnaZkušenosti="25" OdměnaZlatky="10">
		<Jméno><![CDATA[Zamořená Zahrádka]]></Jméno>
		<Popis><![CDATA[Vyvraždi všechny hady v Zahrádce. Zahrádka je směrem na sever.]]></Popis>
		<PředmětyKDokončení>
			<Předmět ID="9001" Množství="5"/>
		</PředmětyKDokončení>
		<Odměna>
			<Předmět ID="1002" Množství="1"/>
		</Odměna>
	</Úkol>
	<Úkol ID="2" OdměnaZkušenosti="35" OdměnaZlatky="20">
		<Jméno><![CDATA[Boj s gobliny]]></Jméno>
		<Popis><![CDATA[získej gobliní amulety. Gobliní sídlí směrem na jih.]]></Popis>
		<PředmětyKDokončení>
			<Předmět ID="9008" Množství="10"/>
		</PředmětyKDokončení>
		<Odměna>
			<Předmět ID="1504" Množství="1"/>
		</Odměna>
	</Úkol>
	<Úkol ID="3" OdměnaZkušenosti="30" OdměnaZlatky="15">
		<Jméno><![CDATA[Vlčí slůj]]></Jméno>
		<Popis><![CDATA[Vyčisti Vlčí slůj. Vlci vyjí ze západu.]]></Popis>
		<PředmětyKDokončení>
			<Předmět ID="9009" Množství="6"/>
			<Předmět ID="9010" Množství="2"/>
		</PředmětyKDokončení>
		<Odměna>
			<Předmět ID="1003" Množství="1"/>
		</Odměna>
	</Úkol>
	<Úkol ID="4" OdměnaZkušenosti="" OdměnaZlatky="">
		<Jméno><![CDATA[Sbírka oblečení]]></Jméno>
		<Popis><![CDATA[zabij piráty a sesbírej jejich oblečení. Piráti zabíraji tvrz na jihu.]]></Popis>
		<PředmětyKDokončení>
			<Předmět ID="9011" Množství="10"/>
			<Předmět ID="9012" Množství="10"/>
		</PředmětyKDokončení>
		<Odměna>
			<Předmět ID="1004" Množství="1"/>
		</Odměna>
	</Úkol>
	<Úkol ID="5" OdměnaZkušenosti="100" OdměnaZlatky="10">
		<Jméno><![CDATA[Démoni v akci]]></Jméno>
		<Popis><![CDATA[Zmasakruj démony u portálu. K portálu se dostaneš cestou na sever.]]></Popis>
		<PředmětyKDokončení>
			<Předmět ID="9013" Množství="5"/>
			<Předmět ID="9014" Množství="3"/>
		</PředmětyKDokončení>
		<Odměna>
			<Předmět ID="1005" Množství="1"/>
		</Odměna>
	</Úkol>
	<Úkol ID="6" OdměnaZkušenosti="1000" OdměnaZlatky="300">
		<Jméno><![CDATA[Hlavy Božstev]]></Jméno>
		<Popis><![CDATA[Přines Begolasovi hlavy Božských Monster. Božstva jsou všude po světě. Hledej!]]></Popis>
		<PředmětyKDokončení>
			<Předmět ID="9016" Množství="1"/>
			<Předmět ID="9018" Množství="1"/>
			<Předmět ID="9020" Množství="1"/>
		</PředmětyKDokončení>
		<Odměna>
			<Předmět ID="8003" Množství="20"/>
		</Odměna>
	</Úkol>
	<Úkol ID="7" OdměnaZkušenosti="5" OdměnaZlatky="200">
		<Jméno><![CDATA[Sběr kamenů]]></Jméno>
		<Popis><![CDATA[Zabij pár golemů pro Michaloviče. Golemové byli vyděni na západě.]]></Popis>
		<PředmětyKDokončení>
			<Předmět ID="9003" Množství="20"/>
		</PředmětyKDokončení>
		<Odměna>
			<Předmět ID="8002" Množství="10"/>
		</Odměna>
	</Úkol>
</Úkoly>
